order_id,order_date,customer_segment,product_category,units,unit_price,discount_pct,delivery_days,customer_rating,returned
ORD-1001,2025-01-03,Consumer,Electronics,1,249.99,10,3,5,0
ORD-1002,2025-01-04,Small Business,Home,2,84.50,5,5,4,0
ORD-1003,2025-01-05,Consumer,Clothing,3,29.99,15,8,2,1
ORD-1004,2025-01-06,Enterprise,Office,5,18.75,0,4,5,0
ORD-1005,2025-01-07,Consumer,Home,1,119.00,10,9,2,1
ORD-1006,2025-01-08,Small Business,Electronics,2,399.00,5,6,3,0
ORD-1007,2025-01-09,Consumer,Clothing,4,24.50,20,2,5,0
ORD-1008,2025-01-10,Enterprise,Office,3,42.00,10,11,,1
ORD-1009,2025-01-11,Small Business,Home,2,65.00,0,3,4,0
ORD-1010,2025-01-12,Consumer,Electronics,1,179.99,15,7,2,1
ORD-1011,2025-01-13,Enterprise,Home,4,56.25,5,4,5,0
ORD-1012,2025-01-14,Consumer,Office,2,31.00,0,6,4,0
ORD-1013,2025-01-15,Small Business,Clothing,5,22.00,25,10,1,1
ORD-1014,2025-01-16,Consumer,Home,1,149.50,10,5,,0
ORD-1015,2025-01-17,Enterprise,Electronics,2,329.00,5,3,5,0
ORD-1016,2025-01-18,Consumer,Clothing,3,45.00,20,9,1,1
ORD-1017,2025-01-19,Small Business,Office,4,15.50,0,2,5,0
ORD-1018,2025-01-20,Consumer,Electronics,1,89.99,10,6,3,0
ORD-1019,2025-01-21,Enterprise,Home,2,210.00,15,12,1,1
ORD-1020,2025-01-22,Small Business,Clothing,2,39.00,5,4,4,0
ORD-1021,2025-01-23,Consumer,Office,3,27.50,10,8,2,1
ORD-1022,2025-01-24,Enterprise,Electronics,1,499.00,0,5,,0
ORD-1023,2025-01-25,Small Business,Home,5,72.00,10,3,5,0
ORD-1024,2025-01-26,Consumer,Clothing,1,64.99,15,11,1,1
ORD-1025,2025-01-27,Enterprise,Office,2,54.00,5,6,3,0
ORD-1026,2025-01-28,Consumer,Electronics,2,129.00,20,4,4,0
ORD-1027,2025-01-29,Small Business,Home,3,95.00,10,9,2,1
ORD-1028,2025-01-30,Enterprise,Clothing,4,19.99,0,2,5,0
ORD-1029,2025-01-31,Consumer,Office,1,44.00,5,7,3,0
ORD-1030,2025-02-01,Small Business,Electronics,1,279.00,15,10,1,1
ORD-1031,2025-02-02,Consumer,Home,4,38.50,10,3,5,0
ORD-1032,2025-02-03,Enterprise,Office,2,33.00,0,5,4,0
ORD-1033,2025-02-04,Small Business,Clothing,3,52.00,20,8,2,1
ORD-1034,2025-02-05,Consumer,Electronics,1,199.00,5,4,5,0
ORD-1035,2025-02-06,Enterprise,Home,2,168.00,10,9,,1
ORD-1036,2025-02-07,Consumer,Office,5,12.00,0,2,5,0
ORD-1037,2025-02-08,Small Business,Electronics,3,359.00,10,6,3,0
ORD-1038,2025-02-09,Consumer,Clothing,2,34.00,15,12,1,1
ORD-1039,2025-02-10,Enterprise,Home,1,225.00,5,4,4,0
ORD-1040,2025-02-11,Small Business,Office,4,21.00,0,7,3,0
ORD-1016,2025-01-18,Consumer,Clothing,3,45.00,20,9,1,1
